"Experiment","Run","F1","F2","F3","F4","Count_FP","Correlation","Correlation_FP","MAE","Count_P","Time","FirstFeature","SecondFeature","ThirdFeature"
"S1",1,FALSE,TRUE,FALSE,FALSE,0,0.999999647456682,NA,0.0865254175557669,1,172.411,"troot(x9*(x4*x4))","NA","NA"
"S1",2,FALSE,FALSE,FALSE,FALSE,1,0.999999744201511,0.999999744201511,0.0804069356386031,1,249.855,"troot(x4*x4)*x9","NA","NA"
"S1",3,TRUE,FALSE,FALSE,FALSE,0,1,NA,0.0322850621627851,1,369.088,"troot((x6*x4)*x4)","NA","NA"
"S1",4,FALSE,FALSE,FALSE,FALSE,2,0.999999528185775,0.999999528185775,0.0444161125378416,2,391.3,"x9*troot(x4*x4)","troot(x4*x4)","NA"
"S1",5,FALSE,FALSE,FALSE,FALSE,3,0.997619451353867,0.997619451353867,0.0471682111648464,3,308.083,"troot(x4)*troot(x4)","x9*(troot(x4)*troot(x4))","x4"
"S1",6,FALSE,TRUE,FALSE,FALSE,0,0.999999647456682,NA,0.088140319662138,1,264.596,"troot((x4*x4)*x9)","NA","NA"
"S1",7,FALSE,FALSE,FALSE,FALSE,2,0.994001745179827,0.994001745179827,0.0683566217367403,2,298.901,"x4","(x4*pm05(x4))*x9","NA"
"S1",8,FALSE,FALSE,FALSE,FALSE,2,0.999999528185775,0.999999528185775,0.0447392269741209,2,313.591,"x9*(troot(x4)*troot(x4))","troot(x4)*troot(x4)","NA"
"S1",9,FALSE,FALSE,FALSE,FALSE,2,0.996429304930045,0.996429304930045,0.144596034590848,2,317.033,"troot(x4*x4)","x4","NA"
"S1","Mod",FALSE,FALSE,FALSE,FALSE,3,0.651563512936131,0.651563512936131,0.127004291210446,3,181.283,"troot(x4*x4)","x4*x8","x4"
"S1",11,FALSE,FALSE,FALSE,TRUE,0,0.999998921420326,NA,0.0446085060075504,1,367.006,"troot((x4*x4)*x7)","NA","NA"
"S1",12,FALSE,FALSE,FALSE,FALSE,1,0.999999744201511,0.999999744201511,0.0804069915929438,1,355.413,"troot(x4*x4)*x9","NA","NA"
"S1",13,FALSE,FALSE,FALSE,FALSE,3,0.790932756364452,0.790932756364452,0.0462365968814966,3,371.795,"troot(x4*x4)","troot(x4*x4)*x9","x3*x4"
"S1",14,FALSE,FALSE,FALSE,FALSE,3,0.651563512936131,0.651563512936131,0.126888920023587,3,374.468000000001,"troot(x4*x4)","x4*x8","x4"
"S1",15,FALSE,TRUE,FALSE,FALSE,0,0.999999647456682,NA,0.088214603771822,1,359.383000000001,"troot((x4*x4)*x9)","NA","NA"
"S1",16,FALSE,FALSE,FALSE,FALSE,2,0.999999528185775,0.999999528185775,0.0447867714345064,2,354.539000000001,"x9*troot(x4*x4)","troot(x4*x4)","NA"
"S1",17,TRUE,FALSE,FALSE,FALSE,0,1,NA,0.0322240307181234,1,302.688,"troot(x6*(x4*x4))","NA","NA"
"S1",18,FALSE,FALSE,FALSE,FALSE,1,0.999999744201511,0.999999744201511,0.0804071196499368,1,336.666999999999,"x9*troot(x4*x4)","NA","NA"
"S1",19,FALSE,FALSE,FALSE,FALSE,1,0.999999744201511,0.999999744201511,0.0804082652480796,1,507.63,"troot(x4*x4)*x9","NA","NA"
"S1",20,FALSE,FALSE,FALSE,FALSE,1,0.999999744201511,0.999999744201511,0.0804050323971288,1,305.008,"troot(x4*x4)*x9","NA","NA"
"S1",21,FALSE,FALSE,FALSE,FALSE,2,0.999999528185775,0.999999528185775,0.0447919305327198,2,362.338,"troot(x4*x4)*x9","troot(x4*x4)","NA"
"S1",22,FALSE,FALSE,FALSE,FALSE,2,0.994020528242907,0.994020528242907,0.151742527938124,2,367.513,"x4","pm05(x4)*x4","NA"
"S1",23,FALSE,FALSE,FALSE,FALSE,1,0.999999744201511,0.999999744201511,0.0804016023288293,1,360.95,"troot(x4*x4)*x9","NA","NA"
"S1",24,FALSE,FALSE,FALSE,TRUE,0,0.999998921420326,NA,0.0445915023810048,1,413.623,"troot((x4*x4)*x7)","NA","NA"
"S1",25,FALSE,FALSE,FALSE,FALSE,3,0.997619451353867,0.997619451353867,0.0532548265607668,3,400.617,"troot(x4*x4)","troot(x4*x4)*x9","x4"
"S1",26,FALSE,TRUE,FALSE,FALSE,0,0.999999647456682,NA,0.0914265807440257,1,413.325000000001,"troot((x4*x9)*x4)","NA","NA"
"S1",27,FALSE,TRUE,FALSE,FALSE,0,0.999999647456682,NA,0.0882108981998854,1,423.874,"troot((x4*x4)*x9)","NA","NA"
"S1",28,TRUE,FALSE,FALSE,FALSE,0,1,NA,0.0322746107854215,1,357.712000000001,"troot(x4*(x4*x6))","NA","NA"
"S1",29,FALSE,FALSE,FALSE,FALSE,2,0.996429304930045,0.996429304930045,0.147245282722014,2,397.128999999999,"troot(x4*x4)","x4","NA"
"S1",30,FALSE,FALSE,FALSE,FALSE,1,0.999999744201511,0.999999744201511,0.0804096897973176,1,269.175999999999,"troot(x4*x4)*x9","NA","NA"
"S2",1,TRUE,FALSE,FALSE,FALSE,0,1,NA,0.032274540561113,1,441.465999999999,"troot(x4*(x4*x6))","NA","NA"
"S2",2,TRUE,FALSE,FALSE,TRUE,0,0.999999460710163,NA,0.0446219900507153,2,450.169,"troot(x4*(x7*x4))","troot(x4*(x6*x4))","NA"
"S2",3,FALSE,FALSE,FALSE,FALSE,1,0.999999744201511,0.999999744201511,0.0804070200613507,1,514.180999999999,"troot(x4*x4)*x9","NA","NA"
"S2",4,FALSE,FALSE,FALSE,TRUE,0,0.999998921420326,NA,0.0447834770899036,1,496.888000000001,"troot((x4*x4)*x7)","NA","NA"
"S2",5,FALSE,FALSE,FALSE,FALSE,4,0.982905924738131,0.982905924738131,0.0900758895188371,4,619.387999999999,"x4","x4*x10","x4*x4"
"S2",6,FALSE,TRUE,FALSE,FALSE,0,0.999999647456682,NA,0.0882260960396116,1,565.585999999999,"troot(x4*(x4*x9))","NA","NA"
"S2",7,FALSE,FALSE,FALSE,FALSE,1,0.999999744201511,0.999999744201511,0.0804166714786057,1,627.049000000001,"(troot(x4)*troot(x4))*x9","NA","NA"
"S2",8,FALSE,FALSE,FALSE,FALSE,2,0.999999528185775,0.999999528185775,0.0447357120130415,2,654.801000000001,"troot(x4*x4)*x9","troot(x4*x4)","NA"
"S2",9,FALSE,FALSE,FALSE,FALSE,3,0.788552607527299,0.788552607527299,0.11289465191736,3,531.362999999999,"troot(x4*x4)","x4*x3","x4"
"S2",10,FALSE,FALSE,FALSE,FALSE,2,0.999999528185775,0.999999528185775,0.0447349745867556,2,630.051,"x9*(troot(x4)*troot(x4))","troot(x4)*troot(x4)","NA"
"S2",11,FALSE,FALSE,FALSE,FALSE,1,0.999999744201511,0.999999744201511,0.0804068816451135,1,633.696999999998,"troot(x4*x4)*x9","NA","NA"
"S2",12,FALSE,FALSE,FALSE,FALSE,3,0.736363219253692,0.736363219253692,0.0432534991570423,3,570.16,"troot(x4*x4)","x9*troot(x4*x4)","x2*x4"
"S2",13,FALSE,FALSE,FALSE,FALSE,3,0.733983070416538,0.733983070416538,0.111728849764321,3,584.862000000001,"troot(x4*x4)","x2*x4","x4"
"S2",14,FALSE,FALSE,FALSE,FALSE,2,0.999999528185775,0.999999528185775,0.04473737206101,2,616.452000000001,"(troot(x4)*troot(x4))*x9","troot(x4)*troot(x4)","NA"
"S2","Mod",FALSE,FALSE,FALSE,FALSE,2,0.996429304930045,0.996429304930045,0.147218247700655,2,326.852,"troot(x4*x4)","x4","NA"
"S2","Mod",FALSE,FALSE,FALSE,FALSE,3,0.997619451353867,0.997619451353867,0.0525963737011178,3,236.324,"troot(x4*x4)","x9*troot(x4*x4)","x4"
"S2",17,FALSE,FALSE,FALSE,FALSE,2,0.996429304930045,0.996429304930045,0.143212862472253,2,524.016,"troot(x4*x4)","x4","NA"
"S2",18,FALSE,FALSE,FALSE,FALSE,3,0.99363356695225,0.99363356695225,0.135981666786198,3,513.761999999999,"pm05(x4)*x4","x4","x7*x4"
"S2",19,FALSE,FALSE,FALSE,FALSE,3,0.982552927440527,0.982552927440527,0.12004685183357,3,524.092999999997,"x4","x4*x4","x10*x4"
"S2",20,FALSE,FALSE,FALSE,FALSE,2,0.999999528185775,0.999999528185775,0.0447410152197344,2,567.057999999997,"troot(x4*x4)*x9","troot(x4*x4)","NA"
"S2",21,FALSE,FALSE,FALSE,FALSE,3,0.997619451353867,0.997619451353867,0.0441504196698321,3,556.206999999999,"troot(x4)*troot(x4)","x9*(troot(x4)*troot(x4))","x4"
"S2",22,FALSE,FALSE,FALSE,FALSE,1,0.999279067088231,0.999279067088231,0.111751932166953,1,746.069,"pm05(pm05(p3(x4)))","NA","NA"
"S2",23,FALSE,TRUE,FALSE,FALSE,0,0.999999647456682,NA,0.0805675326153184,1,638.792999999998,"troot((x4*x4)*x9)","NA","NA"
"S2",24,FALSE,TRUE,FALSE,FALSE,0,0.999999647456682,NA,0.0882146721584187,1,493.615999999998,"troot((x4*x9)*x4)","NA","NA"
"S2",25,FALSE,TRUE,FALSE,FALSE,0,0.999999647456682,NA,0.0882155177386527,1,568.577000000001,"troot((x9*x4)*x4)","NA","NA"
"S2",26,FALSE,FALSE,FALSE,FALSE,2,0.999999528185775,0.999999528185775,0.0444422643466913,2,549.488999999998,"x9*troot(x4*x4)","troot(x4*x4)","NA"
"S2","Mod",FALSE,FALSE,FALSE,FALSE,2,0.999999528185775,0.999999528185775,0.04480259362126,2,200.827,"x9*troot(x4*x4)","troot(x4*x4)","NA"
"S2","Mod",FALSE,FALSE,FALSE,FALSE,2,0.999999528185775,0.999999528185775,0.0447919916336623,2,327.576,"x9*troot(x4*x4)","troot(x4*x4)","NA"
"S2","Mod",FALSE,FALSE,FALSE,FALSE,2,0.999999528185775,0.999999528185775,0.044737373917445,2,431.167,"x9*troot(x4*x4)","troot(x4*x4)","NA"
"S2",30,FALSE,FALSE,FALSE,FALSE,3,0.736363219253692,0.736363219253692,0.043269908255679,3,585.977999999999,"troot(x4*x4)","x9*troot(x4*x4)","x4*x2"
"S3",1,FALSE,TRUE,FALSE,FALSE,0,0.999999647456682,NA,0.08821454157713,1,593.318000000003,"troot(x4*(x4*x9))","NA","NA"
"S3",2,FALSE,FALSE,FALSE,FALSE,1,0.999999744201511,0.999999744201511,0.0804065609354897,1,458.620000000003,"x9*troot(x4*x4)","NA","NA"
"S3",3,FALSE,FALSE,FALSE,FALSE,2,0.686399262445923,0.686399262445923,0.112296115770088,2,418.974000000002,"troot(x4*x4)","x3*x4","NA"
"S3",4,FALSE,TRUE,FALSE,FALSE,0,0.999999647456682,NA,0.0865269086967665,1,487.595999999998,"troot(x4*(x9*x4))","NA","NA"
"S3",5,FALSE,FALSE,FALSE,FALSE,3,0.997619451353867,0.997619451353867,0.0534942592991295,3,485.511999999999,"troot(x4*x4)","x9*troot(x4*x4)","x4"
"S3",6,FALSE,FALSE,FALSE,FALSE,3,0.997619451353867,0.997619451353867,0.0525829273651613,3,495.977999999999,"troot(x4*x4)","x9*troot(x4*x4)","x4"
"S3",7,FALSE,FALSE,FALSE,FALSE,2,0.996429304930045,0.996429304930045,0.147262693309248,2,486.139999999999,"troot(x4*x4)","x4","NA"
"S3",8,TRUE,FALSE,FALSE,FALSE,0,1,NA,0.0322345404479157,1,470.789999999997,"troot(x4*(x6*x4))","NA","NA"
"S3",9,FALSE,FALSE,FALSE,FALSE,2,0.999999528185775,0.999999528185775,0.0447896159404552,2,481.698,"troot(x4*x4)*x9","troot(x4*x4)","NA"
"S3",10,FALSE,FALSE,FALSE,FALSE,2,0.999999528185775,0.999999528185775,0.0450314998878466,2,439.249,"x9*troot(x4*x4)","troot(x4*x4)","NA"
"S3",11,FALSE,TRUE,FALSE,FALSE,0,0.999999647456682,NA,0.0882224931716848,1,449.581000000006,"troot(x9*(x4*x4))","NA","NA"
"S3",12,FALSE,FALSE,FALSE,FALSE,2,0.996429304930045,0.996429304930045,0.145263029634517,2,434.150999999998,"troot(x4*x4)","x4","NA"
"S3",13,FALSE,FALSE,FALSE,FALSE,2,0.994020528242907,0.994020528242907,0.15164838194625,2,523.667000000001,"x4","x4*pm05(x4)","NA"
"S3",14,FALSE,FALSE,FALSE,FALSE,1,0.999999744201511,0.999999744201511,0.0804069917833667,1,527.700000000004,"troot(x4*x4)*x9","NA","NA"
"S3",15,FALSE,FALSE,FALSE,FALSE,2,0.996429304930045,0.996429304930045,0.146893785850784,2,513.106,"troot(x4*x4)","x4","NA"
"S3",16,FALSE,FALSE,FALSE,FALSE,1,0.999999744201511,0.999999744201511,0.0803776609624741,1,474.610999999997,"troot(x4*x4)*x9","NA","NA"
"S3",17,FALSE,FALSE,FALSE,FALSE,1,0.999998748873912,0.999998748873912,0.0676544575215643,1,462.695,"troot(x7*((x9*x4)*x4))","NA","NA"
"S3",18,FALSE,FALSE,FALSE,FALSE,3,0.733983070416538,0.733983070416538,0.111588625119552,3,440.601999999999,"troot(x4*x4)","x2*x4","x4"
"S3",19,FALSE,FALSE,FALSE,FALSE,1,0.999999744201511,0.999999744201511,0.0918663704806147,1,458.278000000006,"x9*troot(x4*x4)","NA","NA"
"S3",20,FALSE,FALSE,FALSE,FALSE,1,0.999999312170039,0.999999312170039,0.154212179218109,1,504.362999999998,"troot(x4*x4)","NA","NA"
"S3",21,FALSE,FALSE,FALSE,FALSE,4,0.982905924738131,0.982905924738131,0.0881253849789155,4,491.123,"x4","x4*x4","x10*x4"
"S3",22,FALSE,FALSE,FALSE,FALSE,1,0.999999744201511,0.999999744201511,0.0804071566427178,1,482.006000000001,"x9*(troot(x4)*troot(x4))","NA","NA"
"S3","Mod",FALSE,FALSE,FALSE,FALSE,1,0.999999744201511,0.999999744201511,0.0804163313904179,1,395.159,"x9*troot(x4*x4)","NA","NA"
"S3",24,FALSE,FALSE,FALSE,FALSE,2,0.999999528185775,0.999999528185775,0.0447348371461394,2,492.717000000004,"x9*troot(x4*x4)","troot(x4*x4)","NA"
"S3",25,FALSE,FALSE,FALSE,FALSE,1,0.999999312170039,0.999999312170039,0.155975566046793,1,509.840000000004,"troot(x4*x4)","NA","NA"
"S3",26,FALSE,FALSE,FALSE,FALSE,2,0.999999528185775,0.999999528185775,0.0444447130280002,2,531.125,"x9*troot(x4*x4)","troot(x4*x4)","NA"
"S3",27,FALSE,FALSE,FALSE,FALSE,1,0.999999744201511,0.999999744201511,0.0800961193438544,1,437.142,"troot(x4*x4)*x9","NA","NA"
"S3",28,FALSE,FALSE,FALSE,FALSE,1,0.999999744201511,0.999999744201511,0.0803678629693705,1,450.614000000001,"troot(x4*x4)*x9","NA","NA"
"S3",29,FALSE,FALSE,FALSE,FALSE,2,0.996429304930045,0.996429304930045,0.147263672498019,2,498.036,"troot(x4*x4)","x4","NA"
"S3",30,FALSE,TRUE,FALSE,FALSE,0,0.999999647456682,NA,0.0882144437479717,1,479.298999999999,"troot(x9*(x4*x4))","NA","NA"
"S4",1,FALSE,FALSE,FALSE,FALSE,1,0.999999744201511,0.999999744201511,0.080415668450591,1,546.533000000003,"x9*troot((x4*x4))","NA","NA"
"S4",2,FALSE,FALSE,FALSE,FALSE,2,0.996429304930045,0.996429304930045,0.147208883071534,2,522.305,"troot(x4*x4)","x4","NA"
"S4",3,FALSE,FALSE,FALSE,FALSE,1,0.999999246431937,0.999999246431937,0.157098338458641,1,515.808000000005,"troot(1+(x4*x4))","NA","NA"
"S4",4,FALSE,FALSE,FALSE,FALSE,2,0.996429304930045,0.996429304930045,0.147155310040384,2,565.856,"troot(x4*x4)","x4","NA"
"S4",5,FALSE,FALSE,FALSE,FALSE,1,0.999999744201511,0.999999744201511,0.0805121847320409,1,636.997000000003,"troot(x4*x4)*x9","NA","NA"
"S4",6,FALSE,FALSE,FALSE,FALSE,4,0.979734028572804,0.979734028572804,0.0713732101463567,4,655.080000000002,"x4","x4*x4","x10*x4"
"S4",7,FALSE,FALSE,FALSE,FALSE,1,0.999999744201511,0.999999744201511,0.0803563664993888,1,597.212999999996,"troot(x4*x4)*x9","NA","NA"
"S4",8,FALSE,FALSE,FALSE,FALSE,2,0.996429304930045,0.996429304930045,0.147245071506547,2,649.519,"troot(x4*x4)","x4","NA"
"S4",9,FALSE,FALSE,FALSE,FALSE,3,0.997619451353867,0.997619451353867,0.052286843312047,3,640.668000000005,"troot(x4*x4)","troot(x4*x4)*x9","x4"
"S4",10,FALSE,FALSE,FALSE,FALSE,2,0.999999528185775,0.999999528185775,0.0447352992619413,2,692.519,"troot(x4*x4)*x9","troot(x4*x4)","NA"
"S4",11,FALSE,FALSE,FALSE,FALSE,2,0.996429304930045,0.996429304930045,0.15688146338568,2,637.936999999998,"troot(x4*x4)","x4","NA"
"S4",12,FALSE,FALSE,FALSE,FALSE,2,0.999999528185775,0.999999528185775,0.0447373826867198,2,734.340000000004,"troot(x4*x4)*x9","troot(x4*x4)","NA"
"S4","Mod",FALSE,FALSE,FALSE,TRUE,0,0.999998921420326,NA,0.0445904506274315,1,454.55,"troot(x7*(x4*x4))","NA","NA"
"S4",14,FALSE,FALSE,FALSE,FALSE,3,0.997619451353867,0.997619451353867,0.052587074267071,3,686.105000000003,"troot(x4*x4)","x9*troot(x4*x4)","x4"
"S4",15,FALSE,FALSE,FALSE,FALSE,1,0.999999312170039,0.999999312170039,0.15691974847601,1,732.798999999999,"troot(x4*x4)","NA","NA"
"S4",16,FALSE,FALSE,FALSE,FALSE,2,0.994020528242907,0.994020528242907,0.153172985998449,2,683.023000000001,"x4","pm05(x4)*x4","NA"
"S4",17,FALSE,FALSE,FALSE,FALSE,2,0.686399262445923,0.686399262445923,0.112448787069871,2,639.964,"troot(x4*x4)","x4*x3","NA"
"S4",18,FALSE,FALSE,FALSE,FALSE,2,0.999999528185775,0.999999528185775,0.044737382178639,2,640.319000000003,"troot(x4*x4)*x9","troot(x4*x4)","NA"
"S4",19,FALSE,TRUE,FALSE,FALSE,0,0.999999647456682,NA,0.0882468304921633,1,669.612000000001,"troot(x9*(x4*x4))","NA","NA"
"S4",20,FALSE,FALSE,FALSE,FALSE,2,0.999999528185775,0.999999528185775,0.0447374431759058,2,683.646000000001,"x9*(troot(x4)*troot(x4))","troot(x4)*troot(x4)","NA"
"S4",21,FALSE,FALSE,FALSE,FALSE,3,0.997619451353867,0.997619451353867,0.0528713475539268,3,656.455999999998,"troot(x4*x4)","troot(x4*x4)*x9","x4"
"S4",22,FALSE,FALSE,FALSE,TRUE,0,0.999998921420326,NA,0.0445362071346467,1,691.300000000003,"troot((x7*x4)*x4)","NA","NA"
"S4",23,FALSE,FALSE,FALSE,FALSE,1,0.999999744201511,0.999999744201511,0.0803571323950915,1,641.343000000001,"x9*troot(x4*x4)","NA","NA"
"S4",24,FALSE,FALSE,FALSE,FALSE,1,0.999999744201511,0.999999744201511,0.0804162922795137,1,741.019999999997,"troot(x4*x4)*x9","NA","NA"
"S4",25,FALSE,FALSE,FALSE,TRUE,0,0.999998921420326,NA,0.0445898831724488,1,614.154000000002,"troot((x4*x4)*x7)","NA","NA"
"S4",26,FALSE,FALSE,FALSE,FALSE,1,0.999999744201511,0.999999744201511,0.0804180705910022,1,658.346999999994,"troot(x4*x4)*x9","NA","NA"
"S4",27,FALSE,FALSE,FALSE,FALSE,2,0.999999528185775,0.999999528185775,0.0804060493655885,2,622.668999999994,"x9*troot(x4*x4)","troot(x4*x4)","NA"
"S4",28,TRUE,FALSE,FALSE,FALSE,0,1,NA,0.0313836935730744,1,666.969999999994,"troot(x6*(x4*x4))","NA","NA"
"S4",29,FALSE,FALSE,FALSE,FALSE,2,0.999999528185775,0.999999528185775,0.0444394294349195,2,680.951999999997,"troot(x4*x4)*x9","troot(x4*x4)","NA"
"S4",30,FALSE,FALSE,FALSE,FALSE,2,0.999999528185775,0.999999528185775,0.0447374435346486,2,699.962,"x9*(troot(x4)*troot(x4))","troot(x4)*troot(x4)","NA"
"S5","Mod",FALSE,FALSE,FALSE,FALSE,2,0.999999528185775,0.999999528185775,0.0450201348997002,2,413.404,"x9*troot(x4*x4)","troot(x4*x4)","NA"
"S5",2,FALSE,FALSE,FALSE,FALSE,1,0.999999744201511,0.999999744201511,0.0804069914541273,1,459.371000000006,"troot(x4*x4)*x9","NA","NA"
"S5",3,FALSE,FALSE,FALSE,FALSE,1,0.999999744201511,0.999999744201511,0.0803558878327074,1,499.512000000002,"troot(x4*x4)*x9","NA","NA"
"S5",4,FALSE,FALSE,FALSE,FALSE,3,0.997619451353867,0.997619451353867,0.0528638084915816,3,460.296000000002,"troot(x4*x4)","x9*troot(x4*x4)","x4"
"S5",5,FALSE,FALSE,FALSE,FALSE,1,0.999999744201511,0.999999744201511,0.0804188223519024,1,469.995000000003,"troot(x4*x4)*x9","NA","NA"
"S5",6,FALSE,FALSE,FALSE,FALSE,2,0.999999528185775,0.999999528185775,0.0446689958247626,2,503.039999999994,"x9*troot(x4*x4)","troot(x4*x4)","NA"
"S5",7,FALSE,FALSE,FALSE,FALSE,1,0.999999312170039,0.999999312170039,0.156921690412647,1,516.487000000008,"troot(x4*x4)","NA","NA"
"S5",8,FALSE,FALSE,FALSE,FALSE,1,0.999999744201511,0.999999744201511,0.0804190378823587,1,500.053,"x9*troot(x4*x4)","NA","NA"
"S5",9,FALSE,FALSE,FALSE,FALSE,1,0.999999744201511,0.999999744201511,0.0804011871903956,1,503.034,"x9*troot(x4*x4)","NA","NA"
"S5",10,FALSE,FALSE,FALSE,FALSE,1,0.999999744201511,0.999999744201511,0.080411312974138,1,496.88900000001,"troot(x4*x4)*x9","NA","NA"
"S5",11,FALSE,FALSE,FALSE,FALSE,1,0.999999744201511,0.999999744201511,0.0804070421842208,1,469.756000000008,"x9*troot(x4*x4)","NA","NA"
"S5",12,FALSE,FALSE,FALSE,FALSE,2,0.999999528185775,0.999999528185775,0.0447637632356838,2,446.404999999999,"x9*(troot(x4)*troot(x4))","troot(x4)*troot(x4)","NA"
"S5","Mod",FALSE,FALSE,FALSE,FALSE,1,0.999999744201511,0.999999744201511,0.0803512663458419,1,196.73,"troot(x4*x4)*x9","NA","NA"
"S5",14,FALSE,FALSE,FALSE,FALSE,1,0.999999744201511,0.999999744201511,0.0804069817521501,1,489.419999999998,"x9*troot(x4*x4)","NA","NA"
"S5",15,FALSE,FALSE,FALSE,FALSE,3,0.982552927440527,0.982552927440527,0.116659688446393,3,453.509999999995,"x4","x4*x4","x10*x4"
"S5",16,FALSE,FALSE,FALSE,FALSE,1,0.999999744201511,0.999999744201511,0.080378001950281,1,410.971999999994,"troot(x4*x4)*x9","NA","NA"
"S5",17,FALSE,FALSE,FALSE,FALSE,2,0.999999528185775,0.999999528185775,0.0447374431845475,2,437.145000000004,"(troot(x4)*troot(x4))*x9","troot(x4)*troot(x4)","NA"
"S5",18,FALSE,FALSE,FALSE,FALSE,2,0.996429304930045,0.996429304930045,0.143077976707364,2,400.146000000008,"troot(x4*x4)","x4","NA"
"S5",19,FALSE,FALSE,FALSE,FALSE,3,0.651563512936131,0.651563512936131,0.126848193168136,3,429.248999999996,"troot(x4*x4)","x4*x8","x4"
"S5",20,FALSE,FALSE,FALSE,FALSE,2,0.999999528185775,0.999999528185775,0.0444453169513465,2,407.006999999998,"x9*troot(x4*x4)","troot(x4*x4)","NA"
"S5",21,FALSE,FALSE,FALSE,FALSE,2,0.999999528185775,0.999999528185775,0.0447391231624005,2,393.729000000007,"troot(x4*x4)*x9","troot(x4*x4)","NA"
"S5",22,FALSE,FALSE,FALSE,FALSE,1,0.999999744201511,0.999999744201511,0.0803577717785029,1,428.267999999996,"troot(x4*x4)*x9","NA","NA"
"S5",23,FALSE,FALSE,FALSE,FALSE,1,0.999999312170039,0.999999312170039,0.156908215107467,1,446.646999999997,"troot(x4*x4)","NA","NA"
"S5",24,FALSE,FALSE,FALSE,FALSE,1,0.999999744201511,0.999999744201511,0.0804069915944662,1,457.834000000003,"troot(x4*x4)*x9","NA","NA"
"S5",25,FALSE,FALSE,FALSE,FALSE,1,0.999999744201511,0.999999744201511,0.080378571295745,1,451.349999999991,"troot(x4*x4)*x9","NA","NA"
"S5",26,FALSE,FALSE,FALSE,FALSE,1,0.999999744201511,0.999999744201511,0.080406913220311,1,497.654999999999,"troot(x4*x4)*x9","NA","NA"
"S5",27,FALSE,FALSE,FALSE,FALSE,3,0.997619451353867,0.997619451353867,0.0531890004685236,3,420.078999999998,"troot(x4*x4)","x9*troot(x4*x4)","x4"
"S5",28,FALSE,FALSE,FALSE,FALSE,1,0.999999744201511,0.999999744201511,0.0803213670466123,1,405.675999999992,"troot(x4*x4)*x9","NA","NA"
"S5",29,FALSE,FALSE,FALSE,FALSE,3,0.736363219253692,0.736363219253692,0.0442191272463743,3,421.883000000002,"troot(x4*x4)","x9*troot(x4*x4)","x2*x4"
"S5",30,FALSE,FALSE,FALSE,FALSE,2,0.996429304930045,0.996429304930045,0.147248954252605,2,417.929000000004,"troot(x4*x4)","x4","NA"
"S6",1,FALSE,FALSE,FALSE,FALSE,2,0.996429304930045,0.996429304930045,0.145311942854032,2,552.171000000002,"troot(x4)*troot(x4)","x4","NA"
"S6",2,FALSE,FALSE,FALSE,FALSE,3,0.997619451353867,0.997619451353867,0.0528681657309359,3,588.888999999996,"troot(x4)*troot(x4)","x9*(troot(x4)*troot(x4))","x4"
"S6",3,FALSE,FALSE,FALSE,FALSE,2,0.999999528185775,0.999999528185775,0.044737443645287,2,593.345000000001,"troot(x4*x4)*x9","troot(x4*x4)","NA"
"S6",4,FALSE,FALSE,FALSE,FALSE,1,0.999999744201511,0.999999744201511,0.0804066883082334,1,667.296999999991,"troot(x4*x4)*x9","NA","NA"
"S6",5,FALSE,FALSE,FALSE,FALSE,3,0.992274508830344,0.992274508830344,0.130668746390786,3,642.452000000005,"troot(x4)*troot(x4)","x4","x4*troot(x4)"
"S6",6,FALSE,FALSE,FALSE,FALSE,2,0.996429304930045,0.996429304930045,0.145024534264034,2,592.437999999995,"troot(x4*x4)","x4","NA"
"S6",7,FALSE,FALSE,FALSE,FALSE,1,0.999999744201511,0.999999744201511,0.0804067278156519,1,637.095000000001,"troot(x4*x4)*x9","NA","NA"
"S6",8,FALSE,FALSE,FALSE,FALSE,1,0.999999744201511,0.999999744201511,0.0803783922227684,1,686.074999999997,"x9*(troot(x4)*troot(x4))","NA","NA"
"S6",9,FALSE,FALSE,FALSE,FALSE,2,0.999999528185775,0.999999528185775,0.0447373826653818,2,624.485000000001,"x9*troot(x4*x4)","troot(x4*x4)","NA"
"S6",10,FALSE,FALSE,FALSE,FALSE,2,0.999999528185775,0.999999528185775,0.0447376980293663,2,629.990000000005,"troot(x4*x4)*x9","troot(x4*x4)","NA"
"S6",11,FALSE,FALSE,FALSE,FALSE,2,0.999999528185775,0.999999528185775,0.0450595334161219,2,664.119000000006,"x9*(troot(x4)*troot(x4))","troot(x4)*troot(x4)","NA"
"S6",12,FALSE,FALSE,FALSE,FALSE,3,0.997619451353867,0.997619451353867,0.0525800615876194,3,643.792000000001,"troot(x4*x4)","troot(x4*x4)*x9","x4"
"S6",13,FALSE,FALSE,FALSE,FALSE,2,0.999999528185775,0.999999528185775,0.0447352717619014,2,566.12999999999,"troot(x4*x4)*x9","troot(x4*x4)","NA"
"S6",14,FALSE,FALSE,FALSE,FALSE,2,0.994001745179827,0.994001745179827,0.065317365324566,2,649.387000000002,"x4","(x4*pm05(x4))*x9","NA"
"S6",15,FALSE,FALSE,FALSE,FALSE,1,0.999999744201511,0.999999744201511,0.0804060294798057,1,664.256999999998,"troot(x4)*(troot(x4)*x9)","NA","NA"
"S6","Mod",FALSE,FALSE,FALSE,FALSE,3,0.982552927440527,0.982552927440527,0.137888034099367,3,538.992,"x4","x4*x4","x4*x10"
"S6",17,FALSE,FALSE,FALSE,FALSE,2,0.999999528185775,0.999999528185775,0.0451921065412225,2,630.876000000004,"(troot(x4)*troot(x4))*x9","troot(x4)*troot(x4)","NA"
"S6",18,FALSE,FALSE,FALSE,FALSE,2,0.996429304930045,0.996429304930045,0.1472198921213,2,611.237999999998,"troot(x4*x4)","x4","NA"
"S6",19,FALSE,FALSE,FALSE,FALSE,1,0.999999744201511,0.999999744201511,0.0796827144611085,1,771.274999999994,"troot(x4*x4)*x9","NA","NA"
"S6",20,FALSE,FALSE,FALSE,FALSE,2,0.994020528242907,0.994020528242907,0.150004585741807,2,676.11099999999,"x4","x4*pm05(x4)","NA"
"S6",21,FALSE,FALSE,FALSE,FALSE,2,0.999999528185775,0.999999528185775,0.0447374588653963,2,588.026000000013,"troot(x4*x4)*x9","troot(x4*x4)","NA"
"S6",22,FALSE,FALSE,FALSE,FALSE,3,0.788552607527299,0.788552607527299,0.113191502746045,3,627.856999999989,"troot(x4*x4)","x3*x4","x4"
"S6",23,FALSE,FALSE,FALSE,FALSE,3,0.788552607527299,0.788552607527299,0.113031056819826,3,637.71100000001,"troot(x4*x4)","x4*x3","x4"
"S6",24,FALSE,FALSE,FALSE,FALSE,2,0.999999528185775,0.999999528185775,0.044286131483077,2,603.192999999999,"troot(x4*x4)*x9","troot(x4*x4)","NA"
"S6",25,FALSE,FALSE,FALSE,FALSE,3,0.733983070416538,0.733983070416538,0.111857689918244,3,590.389999999999,"troot(x4*x4)","x4*x2","x4"
"S6",26,FALSE,FALSE,FALSE,FALSE,3,0.982552927440527,0.982552927440527,0.137869390266219,3,648.906000000003,"x4","x4*x4","x4*x10"
"S6","Mod",FALSE,FALSE,FALSE,FALSE,2,0.999999528185775,0.999999528185775,0.0447373827464072,2,439.782,"x9*troot(x4*x4)","troot(x4*x4)","NA"
"S6",28,FALSE,FALSE,FALSE,FALSE,2,0.999999528185775,0.999999528185775,0.0445819839945877,2,647.587,"x9*troot(x4*x4)","troot(x4*x4)","NA"
"S6",29,FALSE,FALSE,FALSE,FALSE,2,0.999999528185775,0.999999528185775,0.044439312607658,2,565.509000000005,"x9*troot(x4*x4)","troot(x4*x4)","NA"
"S6",30,FALSE,FALSE,FALSE,FALSE,1,0.999999744201511,0.999999744201511,0.080512184719116,1,697.910999999993,"x9*troot(x4*x4)","NA","NA"
"Randomforest","NA","NA","NA","NA","NA","NA","NA","NA",0.796539569125392,"NA","NA","NA","NA","NA"
"Config","Count","D","L","B","P","Ninit","Nfinal","Q","Seed",,,,,
"Config",30,10,5,1,200,1000,3000,"c(15,30)","2024 mod",,,,,