"Experiment","Run","F1","F2","F3","F4","Count_FP","Correlation","Correlation_FP","MAE","LMP","R2","Count_P","Time","First","Second","Third","FirstM","SecondM","ThirdM"
"P2",1,TRUE,FALSE,FALSE,TRUE,1,0.635475343487986,-0.0935728909563669,0.0374392479524325,-94.3406692127019,0.999924690932246,3,NA,"troot((x7*x4)*x4)","troot(x4*(x4*x6))","x2",0.544030029621316,0.45270545576817,0.14187942152756
"P3",1,FALSE,FALSE,FALSE,FALSE,7,0.836559620271695,0.836559620271695,0.053008934110038,-102.146901329513,0.999344432123138,7,NA,"x4","x4*p0(x4)","x4*x7",0.999999990391881,0.987013348937264,0.64522453295345
"P4",1,FALSE,FALSE,FALSE,FALSE,6,0.678663800257779,0.678663800257779,0.031143785982885,-96.7669448270558,0.999957580475368,6,NA,"troot(x4*x4)","x4*x2","x2",0.890518545639729,0.852506385625232,0.194058472304622
"P6",1,TRUE,FALSE,FALSE,FALSE,1,0.996429648845025,0.992859297690051,0.0311156094506771,-94.5244319535552,0.999967172331295,2,NA,"troot(x4*(x4*x6))","x4",NA,0.90198393126731,0.100324825225406,NA
"P1",2,FALSE,FALSE,FALSE,FALSE,3,0.733983070416538,0.733983070416538,0.0335055854787275,-96.7669448270558,0.999949814598433,3,NA,"troot(x4*x4)","x4*x2","x4",0.938526199633978,0.898464639532983,0.150605685655713
"P2",2,TRUE,FALSE,FALSE,FALSE,3,0.528879255650799,0.371839007534399,0.0333406319491637,-94.5244319535552,0.999948486579636,4,NA,"troot((x4*x6)*x4)","x2","troot(x4*x4)",0.75838737281082,0.284081259822634,0.241614925386037
"P3",2,FALSE,FALSE,FALSE,FALSE,4,0.527094080073312,0.527094080073312,0.0381625730524848,-96.7669448270558,0.999911665040735,4,NA,"troot(x4*x4)","x4*x2","x2",0.990279644465611,0.929676696011956,0.189342403741115
"P5",2,FALSE,FALSE,FALSE,FALSE,8,0.730115482321582,0.730115482321582,0.0343992795274239,-100.717970320674,0.999907606581906,8,NA,"x4","troot(x4*x4)","x4*x6",0.991874583596215,0.695247625105279,0.40040047360477
"P6",2,FALSE,FALSE,FALSE,FALSE,2,0.604544956779782,0.604544956779782,0.038658076256297,-96.7669448270559,0.999877078678166,2,NA,"troot(x4*x4)","x4*x2",NA,0.999853513294078,0.981176786605211,NA
"P1",3,FALSE,FALSE,FALSE,TRUE,1,0.996429109555188,0.992859297690051,0.043276752685404,-94.3406692127019,0.999820546168125,2,NA,"troot((x4*x7)*x4)","x4",NA,0.988415667621682,0.170959980148457,NA
"P2",3,TRUE,FALSE,FALSE,FALSE,3,0.536108809330938,0.381478412441251,0.0300975214142449,-94.5244319535552,0.999968588246116,4,NA,"troot(x6*(x4*x4))","troot(x4*x4)","x4*x2",0.82439480207879,0.175609439549926,0.174257400902384
"P3",3,FALSE,FALSE,FALSE,FALSE,5,0.836963858753437,0.836963858753437,0.0375565908836453,-101.896843541979,0.999828791746296,5,NA,"troot(x4)*troot(x4)","x2*x4","x4",0.562131917122861,0.537662433756669,0.479382712924427
"P5",3,FALSE,FALSE,FALSE,FALSE,4,0.461216420809483,0.461216420809483,0.0380551821666054,-96.7669448270558,0.999884253632359,4,NA,"troot(x4*x4)","x4*x2","x4",0.990867677014353,0.958614537091687,0.113945334110335
"P6",3,FALSE,FALSE,FALSE,FALSE,4,0.989116272778379,0.989116272778379,0.0737782430605369,-99.5125191073179,0.997662839999141,4,NA,"x4","x10*x4","x4*troot(x4)",0.847800479253509,0.784898074460869,0.774772518027065
"P1",4,TRUE,FALSE,FALSE,TRUE,1,0.635475343487986,-0.0935728909563669,0.0379591803807739,-94.3406692127019,0.999920089608668,3,NA,"troot(x4*(x4*x7))","troot((x6*x4)*x4)","x2",0.54518489548392,0.453666458007412,0.150497479357454
"P4",4,FALSE,FALSE,FALSE,FALSE,2,0.604544956779782,0.604544956779782,0.0379871745874431,-96.7669448270558,0.999877423385325,2,NA,"troot(x4*x4)","x2*x4",NA,0.999715390770738,0.999715382915943,NA
"P5",4,FALSE,FALSE,FALSE,FALSE,3,0.371839007534399,0.371839007534399,0.0401009682608102,-96.7669448270558,0.9998710864133,3,NA,"x4*x2","troot(x4*x4)","x2",0.995368750232782,0.995256960471613,0.19550151888069
"P6",4,FALSE,FALSE,TRUE,FALSE,5,0.99155407933718,0.989864936865089,0.0661086276174334,-99.5125191073179,0.998220082542339,6,NA,"x4","x10*x4","troot(x4)*x4",0.814413203731848,0.629857990568262,0.627023097968647
"P1",5,FALSE,FALSE,FALSE,FALSE,3,0.733983070416538,0.733983070416538,0.038415884893424,-96.7669448270559,0.99989139406297,3,NA,"troot(x4*x4)","x4*x2","x4",0.998850673077019,0.958299167039652,0.119513646774761
"P2",5,TRUE,FALSE,FALSE,FALSE,2,0.736363304519855,0.604544956779782,0.0305903574177302,-94.5244319535552,0.999967836810022,3,NA,"troot((x4*x6)*x4)","troot(x4*x4)","x2*x4",0.758395071085079,0.241604864306285,0.236565970725178
"P3",5,FALSE,FALSE,FALSE,FALSE,5,0.833111138500608,0.833111138500608,0.0310833168421423,-96.7669448270558,0.999962653559187,5,NA,"troot(x4*x4)","x4*x2","x4",0.8858945164762,0.87952187609503,0.1891306691641
"P4",5,TRUE,FALSE,FALSE,FALSE,0,1,NA,0.0322273046786878,-94.5244319535552,0.999962645971187,1,NA,"troot(x6*(x4*x4))",NA,NA,0.995283917311983,NA,NA
"P5",5,FALSE,FALSE,FALSE,TRUE,1,0.996429109555188,0.992859297690051,0.0441381526916016,-94.3406692127019,0.999801528801223,2,NA,"troot(x7*(x4*x4))","x4",NA,0.99823201756126,0.148984456599762,NA
"P1",6,FALSE,FALSE,FALSE,FALSE,6,0.715182705463938,0.715182705463938,0.0670558976913479,-99.5125191073178,0.997894149494988,6,NA,"x4","x10*x4","troot(x4)*x4",0.737281687088472,0.567972307945191,0.567861055020085
"P2",6,TRUE,FALSE,FALSE,FALSE,0,1,NA,0.0322543865507512,-94.5244319535552,0.999962583605435,1,NA,"troot((x6*x4)*x4)",NA,NA,0.995605945151592,NA,NA
"P3",6,FALSE,FALSE,FALSE,FALSE,4,0.720245756702868,0.720245756702868,0.0822168394141411,-99.5125191073178,0.997087029495632,4,NA,"x4","x4*x10","x4*troot(x4)",0.925926674294351,0.863749263828674,0.863588037302367
"P6",6,FALSE,FALSE,FALSE,TRUE,2,0.639125155659457,0.458688272779023,0.0421347457144435,-94.3406692127019,0.999814195520568,3,NA,"troot(x4*(x4*x7))","x4","x6",0.916954572123029,0.14915583490537,0.122811797524751
"P1",7,FALSE,FALSE,FALSE,FALSE,4,0.994644574715872,0.994644574715872,0.0449769979391818,-100.717970320674,0.999810615094787,4,NA,"troot(x4*x4)","x4","x4*x6",0.988651692306216,0.986774239388844,0.500192905917799
"P2",7,TRUE,FALSE,FALSE,FALSE,1,0.50221070672575,0.00442141345149907,0.0321289123566578,-94.5244319535552,0.999961465643022,2,NA,"troot(x4*(x4*x6))","x10",NA,0.993227477899845,0.19050509610309,NA
"P4",7,FALSE,FALSE,FALSE,TRUE,3,0.800487033167485,0.733983070416538,0.0430114296069649,-94.3406692127019,0.99981313375629,4,NA,"troot((x7*x4)*x4)","troot(x4*x4)","x2*x4",0.849797806991782,0.150185320600649,0.150185309700276
"P5",7,FALSE,FALSE,FALSE,FALSE,3,0.381478412441251,0.381478412441251,0.0380484943405164,-96.7669448270558,0.99988679380805,3,NA,"troot(x4*x4)","x2*x4","x7",0.995967265213012,0.961093442302078,0.140137795655419
"P1",8,FALSE,FALSE,FALSE,FALSE,3,0.733983070416538,0.733983070416538,0.0346072325599774,-96.7669448270558,0.999939502767333,3,NA,"troot(x4*x4)","x2*x4","x4",0.939659301980408,0.912220638216215,0.15806052383568
"P2",8,FALSE,FALSE,FALSE,TRUE,4,0.621675048342715,0.527094080073312,0.0446192064852245,-94.3406692127019,0.99980703415313,5,NA,"troot((x7*x4)*x4)","x2","troot(x4*x4)",0.845734109330637,0.192743794130444,0.149480818283822
"P4",8,FALSE,FALSE,FALSE,TRUE,1,0.996429109555188,0.992859297690051,0.0436489428840859,-94.3406692127019,0.999808808315472,2,NA,"troot(x7*(x4*x4))","x4",NA,0.996405112891577,0.127386729652321,NA
"P5",8,FALSE,FALSE,FALSE,FALSE,3,0.404503775670354,0.404503775670354,0.0388483825553778,-96.7669448270559,0.999872752332298,3,NA,"troot(x4*x4)","x2*x4","x10",0.99593508821718,0.995697823909079,0.173072239829372
"P6",8,TRUE,FALSE,FALSE,FALSE,2,0.286620857210728,-0.0700687141839079,0.0308982789089724,-94.5244319535552,0.999963028414858,3,NA,"troot(x6*(x4*x4))","x7","x6",0.999352497161584,0.113928089190497,0.109280365253815
"P1",9,FALSE,FALSE,FALSE,FALSE,4,0.527094080073312,0.527094080073312,0.0396872968056091,-96.7669448270559,0.999880655070066,4,NA,"troot(x4*x4)","x4*x2","x2",0.997737986628978,0.961530491441008,0.186461424146083
"P2",9,FALSE,FALSE,FALSE,TRUE,3,0.800487033167485,0.733983070416538,0.0427907633325058,-94.3406692127019,0.999818023940495,4,NA,"troot(x4*(x4*x7))","x4","troot(x4*x4)",0.846389925037146,0.152793757493759,0.14958304505926
"P3",9,FALSE,FALSE,FALSE,FALSE,2,0.604544956779782,0.604544956779782,0.0362274578389532,-96.7669448270558,0.999922207306317,2,NA,"troot(x4*x4)","x4*x2",NA,0.939732254936923,0.913060334734106,NA
"P4",9,FALSE,FALSE,FALSE,TRUE,2,0.639125155659457,0.458688272779023,0.0425775642857792,-94.3406692127019,0.999812670708739,3,NA,"troot(x4*(x4*x7))","x4","x6",0.918465505786634,0.146339610916929,0.100589241048183
"P5",9,TRUE,FALSE,FALSE,FALSE,1,0.462258623933997,-0.075482752132005,0.0304348751731396,-94.5244319535552,0.999967342412931,2,NA,"troot(x4*(x6*x4))","x6",NA,0.904002751403534,0.128169345285361,NA
"P6",9,FALSE,FALSE,TRUE,FALSE,5,0.99155407933718,0.989864936865089,0.0646021370221043,-99.5125191073179,0.998381722087295,6,NA,"x4","x10*x4","x4*troot(x4)",0.833070786994672,0.602343944750841,0.594876745469307
"P1",10,FALSE,FALSE,FALSE,TRUE,1,0.996429109555188,0.992859297690051,0.0433939002420707,-94.3406692127019,0.999817352955993,2,NA,"troot(x4*(x4*x7))","x4",NA,0.912850788796163,0.141483153365422,NA
"P3",10,FALSE,FALSE,FALSE,FALSE,5,0.836963848521636,0.836963848521636,0.0359602298093869,-101.896843541979,0.999885385166616,5,NA,"troot(x4)*troot(x4)","x4*x2","x4",0.743470202828998,0.741073153659967,0.282588688254663
"P4",10,FALSE,FALSE,FALSE,FALSE,3,0.371839007534399,0.371839007534399,0.0355708786609575,-96.7669448270559,0.999933725801073,3,NA,"x4*x2","troot(x4*x4)","x2",0.923189048719286,0.923153817406259,0.204610806298831
"P6",10,FALSE,FALSE,FALSE,FALSE,3,0.450609143293148,0.450609143293148,0.0389941250875846,-96.7669448270558,0.999883124456363,3,NA,"troot(x4*x4)","x2*x4","x5",0.999625332875898,0.981026315113092,0.105038011690023
"P2",11,TRUE,FALSE,FALSE,FALSE,2,0.736363304519855,0.604544956779782,0.0297459347300631,-94.5244319535552,0.999969558622011,3,NA,"troot((x4*x4)*x6)","troot(x4*x4)","x2*x4",0.824326164404777,0.175072572723671,0.173557880333143
"P3",11,FALSE,FALSE,FALSE,FALSE,5,0.865852860767065,0.865852860767065,0.0784721497934741,-99.5125191073178,0.996776404503948,5,NA,"x4","x4*x10","x4*troot(x4)",0.784992764630141,0.739039509054428,0.736909915855756
"P4",11,FALSE,FALSE,FALSE,TRUE,1,0.996429109555188,0.992859297690051,0.0426499582242292,-94.3406692127019,0.99983103519576,2,NA,"troot(x7*(x4*x4))","x4",NA,0.908112964238572,0.145235880978469,NA
"P5",11,FALSE,FALSE,FALSE,FALSE,4,0.715723221996778,0.715723221996778,0.0941501168832499,-99.5125191073178,0.996032136873686,4,NA,"x4","x4*x10","x4*troot(x4)",1,0.99924662158404,0.993122050588108
"P6",11,FALSE,FALSE,FALSE,FALSE,3,0.985488592981159,0.985488592981159,0.0891568380539322,-99.5125191073178,0.996539299128996,3,NA,"x4","troot(x4)*x4","x10*x4",1,0.931458661012186,0.927188503735511
"P1",12,FALSE,FALSE,FALSE,FALSE,2,0.604544956779782,0.604544956779782,0.0384031256540187,-96.7669448270558,0.999888714438486,2,NA,"troot(x4*x4)","x2*x4",NA,0.998916743879757,0.98999597895593,NA
"P2",12,FALSE,FALSE,FALSE,TRUE,2,0.63309510938467,0.449643203366842,0.045235002192324,-94.3406692127019,0.999799126358162,3,NA,"troot(x4*(x7*x4))","x2","x4",0.912625992184702,0.203265731464464,0.103920493403877
"P3",12,FALSE,FALSE,FALSE,FALSE,7,0.722752143446183,0.722752143446183,0.0453573656533063,-102.237348925172,0.999513252258517,7,NA,"p0(x4)*x4","x4","x6*x4",0.999999999995678,0.999380290721468,0.587831898017749
"P4",12,TRUE,FALSE,FALSE,FALSE,2,0.641505520012678,0.462258280019017,0.0312997177344314,-94.5244319535552,0.999966353059666,3,NA,"troot((x4*x6)*x4)","x6","troot(x4*x4)",0.892248938808224,0.144901610870647,0.101639385795345
"P6",12,FALSE,FALSE,FALSE,FALSE,2,0.604544956779782,0.604544956779782,0.0388790443195411,-96.7669448270558,0.999881146870109,2,NA,"troot(x4*x4)","x2*x4",NA,0.999874545696995,0.980940677573024,NA
"P2",13,TRUE,FALSE,FALSE,FALSE,0,1,NA,0.0314558024537245,-94.5244319535552,0.999966089714315,1,NA,"troot(x4*(x4*x6))",NA,NA,0.898427486512034,NA,NA
"P4",13,TRUE,FALSE,FALSE,FALSE,0,1,NA,0.0313730274589124,-94.5244319535552,0.999963706613846,1,NA,"troot((x6*x4)*x4)",NA,NA,0.996414648521492,NA,NA
"P5",13,FALSE,FALSE,FALSE,FALSE,6,0.355324583876286,0.355324583876286,0.0691709124271487,-99.877214903911,0.997899102996265,6,NA,"troot(x4*x4)","x4*x3","x2",0.976290169742435,0.975343181318224,0.151255059581204
"P6",13,FALSE,FALSE,FALSE,FALSE,2,0.604544956779782,0.604544956779782,0.0386830287461,-96.7669448270559,0.999886156438585,2,NA,"troot(x4*x4)","x2*x4",NA,0.995962348715414,0.959168972175537,NA
"P1",14,FALSE,FALSE,FALSE,TRUE,0,0.999998921420326,NA,0.0435735373039305,-94.3406692127019,0.99982260041891,1,NA,"troot((x7*x4)*x4)",NA,NA,0.910015046513443,NA,NA
"P2",14,FALSE,FALSE,FALSE,FALSE,2,0.604544956779782,0.604544956779782,0.0370900797420015,-96.7669448270558,0.999915294945524,2,NA,"troot(x4*x4)","x2*x4",NA,0.969014400665244,0.95784911521711,NA
"P3",14,FALSE,FALSE,FALSE,TRUE,1,0.996429109555188,0.992859297690051,0.0437203438018336,-94.3406692127019,0.999801000501808,2,NA,"troot(x4*(x7*x4))","x4",NA,0.99999971835829,0.150850746570156,NA
"P6",14,FALSE,FALSE,FALSE,FALSE,4,0.531616614779402,0.531616614779402,0.0324105617454062,-96.7669448270558,0.999943295644842,4,NA,"troot(x4*x4)","x2*x4","x6",0.935936609472223,0.919825342682316,0.210162365298938
"P2",15,TRUE,FALSE,FALSE,FALSE,1,0.462258623933997,-0.075482752132005,0.0318474316422671,-94.5244319535552,0.999961084697682,2,NA,"troot((x4*x6)*x4)","x6",NA,0.989225204691713,0.121343811148743,NA
"P3",15,TRUE,FALSE,FALSE,FALSE,1,0.996429648845025,0.992859297690051,0.0325059493326651,-94.5244319535552,0.999961210958111,2,NA,"troot((x4*x6)*x4)","x4",NA,0.993199773043905,0.105444276020094,NA
"P4",15,FALSE,FALSE,FALSE,TRUE,1,0.502210167435913,0.00442141345149907,0.0450863231499289,-94.3406692127019,0.99979227093718,2,NA,"troot(x4*(x7*x4))","x10",NA,0.994377131275049,0.217060173525877,NA
"P6",15,FALSE,FALSE,FALSE,FALSE,5,0.496235106603011,0.496235106603011,0.0614925244800214,-99.877214903911,0.998820327290121,5,NA,"troot(x4*x4)","x4*x3","x2*x4",1,0.788667139652323,0.205780598365065
"P1",16,FALSE,FALSE,FALSE,FALSE,2,0.604544956779782,0.604544956779782,0.0350828250891658,-96.7669448270558,0.99992795497268,2,NA,"troot(x4*x4)","x4*x2",NA,0.970643369237165,0.940800805361721,NA
"P2",16,FALSE,FALSE,FALSE,TRUE,4,0.423987471495004,0.279984609013674,0.0457128107491517,-94.3406692127019,0.999791553975738,5,NA,"troot((x4*x4)*x7)","troot(x4*x4)","x4*x2",0.84573410933064,0.149467142314247,0.149416796968735
"P3",16,FALSE,FALSE,FALSE,FALSE,2,0.604544956779782,0.604544956779782,0.0382132770563493,-96.7669448270558,0.999897382847548,2,NA,"troot(x4*x4)","x2*x4",NA,0.999986067295601,0.962355594254203,NA
"P4",16,TRUE,FALSE,FALSE,FALSE,0,1,NA,0.03118635878645,-94.5244319535552,0.999966736426291,1,NA,"troot(x6*(x4*x4))",NA,NA,0.89975342270083,NA,NA
"P5",16,FALSE,FALSE,FALSE,FALSE,2,0.604544956779782,0.604544956779782,0.0342075151720834,-96.7669448270558,0.999942381432212,2,NA,"x4*x2","troot(x4*x4)",NA,0.923186267668538,0.921255387175345,NA
"P6",16,FALSE,FALSE,FALSE,FALSE,3,0.404503775670354,0.404503775670354,0.0387710756434585,-96.7669448270558,0.99987387714192,3,NA,"troot(x4*x4)","x4*x2","x10",0.999965720171372,0.999965719544302,0.105872899397737
"P2",17,FALSE,FALSE,FALSE,FALSE,2,0.604544956779782,0.604544956779782,0.0363544414149083,-96.7669448270559,0.999930987392504,2,NA,"troot(x4*x4)","x4*x2",NA,1,0.914486986413055,NA
"P3",17,FALSE,FALSE,FALSE,TRUE,2,0.63309510938467,0.449643203366842,0.0460550776939251,-94.3406692127019,0.999791538763755,3,NA,"troot(x4*(x7*x4))","x2","x4",0.993945694563995,0.199999697926623,0.11497401053155
"P4",17,FALSE,FALSE,FALSE,FALSE,3,0.377869053809186,0.377869053809186,0.0384249412531025,-96.7669448270558,0.999879311830779,3,NA,"troot(x4*x4)","x4*x2","x6",0.997637493942417,0.9976263345749,0.221790871932291
"P5",17,FALSE,FALSE,FALSE,TRUE,1,0.996429109555188,0.992859297690051,0.0437030827381635,-94.3406692127019,0.999817591792851,2,NA,"troot((x4*x7)*x4)","x4",NA,0.990477375677405,0.12738276525739,NA
"P6",17,TRUE,FALSE,FALSE,FALSE,2,0.736363304519855,0.604544956779782,0.030541677340706,-94.5244319535552,0.999968217385546,3,NA,"troot((x4*x4)*x6)","troot(x4*x4)","x2*x4",0.821613279630234,0.17838670513346,0.172764512836518
"P1",18,FALSE,FALSE,FALSE,FALSE,5,0.833111138500608,0.833111138500608,0.0309188528052252,-96.7669448270558,0.999963176034521,5,NA,"troot(x4*x4)","x4*x2","x4",0.885081262433043,0.865909372819449,0.133965802364799
"P2",18,FALSE,FALSE,FALSE,FALSE,3,0.733983070416538,0.733983070416538,0.0371426483624231,-96.7669448270558,0.999910905620233,3,NA,"troot(x4*x4)","x2*x4","x4",0.968896980063399,0.961154573116254,0.114333219737885
"P4",18,FALSE,FALSE,FALSE,FALSE,2,0.604544956779782,0.604544956779782,0.0347365515840886,-96.7669448270558,0.999940315638895,2,NA,"troot(x4*x4)","x4*x2",NA,0.939021626912799,0.921300443901337,NA
"P5",18,FALSE,FALSE,TRUE,FALSE,1,0.453213450370635,-0.0935728909563669,0.0397492352711839,-100.73060235727,0.999865667625982,2,NA,"troot((x4*x9)*(x4*x9))","x2",NA,0.970247183483419,0.367803809664184,NA
"P6",18,TRUE,FALSE,FALSE,FALSE,5,0.991554114054241,0.989864936865089,0.0556703827122752,-99.5125191073178,0.999041551692929,6,NA,"x4","x4*troot(x4)","x4*x10",0.599256681054537,0.461405876962209,0.461405876962209
"P1",19,FALSE,FALSE,FALSE,TRUE,1,0.996429109555188,0.992859297690051,0.0446403403843307,-94.3406692127019,0.999774844586892,2,NA,"troot((x4*x7)*x4)","x4",NA,0.994186308553246,0.156779014099052,NA
"P2",19,TRUE,FALSE,FALSE,TRUE,1,0.668140111623942,0.00442141345149907,0.0361943589898408,-94.3406692127019,0.999927071347265,3,NA,"troot((x7*x4)*x4)","troot((x4*x6)*x4)","x10",0.519164271489125,0.432013834606899,0.132080056874793
"P3",19,FALSE,FALSE,FALSE,TRUE,2,0.63309510938467,0.449643203366842,0.0455065502468587,-94.3406692127019,0.999788913773707,3,NA,"troot(x7*(x4*x4))","x2","x4",0.995244975949076,0.207723516471088,0.131244081133231
"P4",19,TRUE,FALSE,FALSE,FALSE,2,0.668140241873846,0.502210362810769,0.0305242659406124,-94.5244319535552,0.999963206399375,3,NA,"troot((x4*x4)*x6)","x10","troot(x4*x4)",0.898497730713809,0.225576205527325,0.101188343667337
"P6",19,TRUE,FALSE,FALSE,FALSE,1,0.462258623933997,-0.075482752132005,0.0325778606767445,-94.5244319535552,0.999955707950072,2,NA,"troot(x4*(x4*x6))","x6",NA,0.979953977722272,0.152139556520515,NA
"P1",20,FALSE,FALSE,FALSE,FALSE,4,0.284507143719764,0.284507143719764,0.0328022608688589,-96.7669448270558,0.999941648429973,4,NA,"troot(x4*x4)","x4*x2","x6",0.939625158414871,0.934901908596761,0.18028092840623
"P2",20,FALSE,FALSE,FALSE,FALSE,2,0.604544956779782,0.604544956779782,0.038678822031371,-96.7669448270559,0.999879862095513,2,NA,"troot(x4*x4)","x4*x2",NA,0.990886311843187,0.990690591188779,NA
"P3",20,TRUE,FALSE,FALSE,FALSE,1,0.462258623933997,-0.075482752132005,0.0316284152271533,-94.5244319535552,0.999963197924944,2,NA,"troot(x6*(x4*x4))","x6",NA,0.999944412679967,0.103155824236523,NA
"P4",20,FALSE,FALSE,FALSE,FALSE,3,0.381478412441251,0.381478412441251,0.0388659654590775,-96.7669448270558,0.999875175256687,3,NA,"troot(x4*x4)","x2*x4","x7",1,0.99995599884885,0.157387083545851
"P5",20,FALSE,FALSE,FALSE,FALSE,5,0.870275492085258,0.870275492085258,NA,-99.877214903911,NA,5,NA,"troot(x4*x4)","x4","x3*x4",0.915719016620848,0.551175224410131,0.529617354028471
"P1",21,FALSE,FALSE,FALSE,FALSE,3,0.985488592981159,0.985488592981159,0.0892915077868426,-99.5125191073178,0.99642685755595,3,NA,"x4","x4*troot(x4)","x4*x10",0.955953936594127,0.955951447910637,0.955914426432551
"P2",21,FALSE,FALSE,FALSE,FALSE,3,0.733983070416538,0.733983070416538,0.0346564884483848,-96.7669448270559,0.99994353185096,3,NA,"troot(x4*x4)","x4*x2","x4",0.939662914623504,0.924880965849258,0.100134420500373
"P3",21,TRUE,FALSE,FALSE,FALSE,0,1,NA,0.0326095697837085,-94.5244319535552,0.999960627833133,1,NA,"troot((x4*x6)*x4)",NA,NA,0.993222073255299,NA,NA
"P1",22,TRUE,FALSE,FALSE,TRUE,0,0.999999460710163,NA,0.0315469533584329,-94.3406692127019,0.999963375609164,2,NA,"troot((x6*x4)*x4)","troot((x7*x4)*x4)",NA,0.784088049875588,0.215816022519841,NA
"P2",22,FALSE,FALSE,FALSE,FALSE,2,0.604544956779782,0.604544956779782,0.0373561499895659,-96.7669448270558,0.999903488209127,2,NA,"troot(x4*x4)","x2*x4",NA,0.979044717772606,0.97094149948388,NA
"P3",22,FALSE,FALSE,FALSE,FALSE,9,0.550305944404018,0.550305944404018,0.0324715944019721,-101.896843541979,0.999893055516804,9,NA,"troot(x4)*troot(x4)","x2*x4","x4",0.561182809444223,0.512547484944277,0.455630752663346
"P2",23,FALSE,FALSE,FALSE,TRUE,2,0.63309510938467,0.449643203366842,0.046770691904734,-94.3406692127019,0.999780708972051,3,NA,"troot((x4*x4)*x7)","x2","x4",0.993993430101068,0.242035635892156,0.134006579239051
"P3",23,FALSE,FALSE,FALSE,FALSE,5,0.678272187213807,0.678272187213807,0.0589743398141495,-99.688620267966,0.998617857501582,5,NA,"x4","troot(x4*x4)","x4*x3",0.624146024573444,0.621917433061155,0.441061782633637
"P5",23,FALSE,FALSE,FALSE,FALSE,10,0.776827797469793,0.776827797469793,0.0575950510364594,-102.237348925172,0.998812159552637,10,NA,"x4","x4*x10","x4*x6",0.918897395035693,0.516675233392741,0.483147779493944
"P2",24,TRUE,FALSE,FALSE,TRUE,0,0.999999460710163,NA,0.0400197486077828,-94.3406692127019,0.999881932931748,2,NA,"troot((x7*x4)*x4)","troot((x6*x4)*x4)",NA,0.727521084142742,0.229979072004799,NA
"P3",24,FALSE,FALSE,FALSE,FALSE,4,0.715723221996778,0.715723221996778,0.0954718412187908,-99.5125191073179,0.995993603816848,4,NA,"x4","troot(x4)*x4","x10*x4",0.999997930550711,0.999414151686184,0.998289298139631
"P4",24,FALSE,FALSE,FALSE,FALSE,2,0.604544956779782,0.604544956779782,0.0345332113476025,-96.7669448270559,0.999941898718765,2,NA,"troot(x4*x4)","x2*x4",NA,0.893473558065107,0.893473309271364,NA
"P5",24,FALSE,FALSE,FALSE,FALSE,3,0.985488592981159,0.985488592981159,0.089840510280317,-99.5125191073178,0.996489381698562,3,NA,"x4","troot(x4)*x4","x4*x10",0.999907933857547,0.938509371236939,0.93444558316045
"P1",25,FALSE,FALSE,FALSE,TRUE,1,0.996429109555188,0.992859297690051,0.0435964705123559,-94.3406692127019,0.999806474301908,2,NA,"troot((x4*x7)*x4)","x4",NA,0.991092401929392,0.163142692785848,NA
"P2",25,TRUE,FALSE,FALSE,TRUE,1,0.635475343487986,-0.0935728909563669,0.0341300869667466,-94.3406692127019,0.99995074048827,3,NA,"troot((x6*x4)*x4)","troot(x4*(x7*x4))","x2",0.624269958692015,0.375102172976193,0.101332256453171
"P3",25,FALSE,FALSE,FALSE,TRUE,1,0.996429109555188,0.992859297690051,0.0427254967774606,-94.3406692127019,0.999815590914033,2,NA,"troot((x7*x4)*x4)","x4",NA,0.915221233296335,0.135380762586312,NA
"P4",25,FALSE,FALSE,FALSE,FALSE,3,0.733983070416538,0.733983070416538,0.0332809241104608,-96.7669448270559,0.99995496441578,3,NA,"troot(x4*x4)","x4*x2","x4",0.943076767698168,0.886497086174076,0.148181210584388
"P5",25,FALSE,FALSE,FALSE,FALSE,6,0.103049344370617,0.103049344370617,0.0392535110889275,-96.7669448270558,0.999870342521066,6,NA,"troot(x4*x4)","x2*x4","x2",0.999891265078785,0.999600917273343,0.220215895571981
"P1",26,FALSE,FALSE,FALSE,FALSE,5,0.41236235657636,0.41236235657636,0.0330761496678523,-96.7669448270558,0.999943296071526,5,NA,"troot(x4*x4)","x2*x4","x6",0.940652243916406,0.897037504303684,0.17470209261638
"P2",26,TRUE,FALSE,FALSE,TRUE,1,0.635475343487986,-0.0935728909563669,0.0378048591937861,-94.3406692127019,0.99992001296814,3,NA,"troot((x4*x7)*x4)","troot(x4*(x6*x4))","x2",0.544590566229525,0.45392906638527,0.164014428215694
"P4",26,FALSE,FALSE,FALSE,FALSE,4,0.262715586591847,0.262715586591847,0.0365438500049952,-96.7669448270559,0.999929280847124,4,NA,"troot(x4*x4)","x2*x4","x2",0.881356229574732,0.864765239353645,0.178992890720873
"P1",27,FALSE,FALSE,FALSE,FALSE,4,0.279984609013674,0.279984609013674,0.0387187366051977,-96.7669448270558,0.999874140810911,4,NA,"troot(x4*x4)","x2*x4","x2",0.999999238590009,0.98480692933569,0.157450248589498
"P2",27,TRUE,FALSE,FALSE,FALSE,2,0.736363304519855,0.604544956779782,0.0305127791405161,-94.5244319535552,0.999968027391691,3,NA,"troot(x6*(x4*x4))","troot(x4*x4)","x2*x4",0.758395071085081,0.241598642022585,0.241120368121605
"P3",27,FALSE,FALSE,FALSE,FALSE,6,0.694996184325757,0.694996184325757,0.0297426965961371,-96.7669448270559,0.999962773876228,6,NA,"troot(x4*x4)","x2*x4","x4",0.8905187173401,0.85250092138758,0.169115199673666
"P4",27,TRUE,FALSE,FALSE,FALSE,1,0.462258623933997,-0.075482752132005,0.0302682387716364,-94.5244319535552,0.999968217262207,2,NA,"troot((x4*x6)*x4)","x6",NA,0.900686047209705,0.108462238031408,NA
"P5",27,FALSE,FALSE,FALSE,FALSE,4,0.527094080073312,0.527094080073312,0.0353226103201985,-96.7669448270558,0.999939034210794,4,NA,"troot(x4*x4)","x4*x2","x4",0.941413854861623,0.878738575963205,0.186354749125623
"P1",28,FALSE,FALSE,FALSE,FALSE,5,0.41236235657636,0.41236235657636,0.0321556457315394,-96.7669448270559,0.999953875505646,5,NA,"troot(x4*x4)","x4*x2","x6",0.938734312386467,0.877227624056224,0.172431643297782
"P2",28,TRUE,FALSE,FALSE,FALSE,1,0.50221070672575,0.00442141345149907,0.0315162469773091,-94.5244319535552,0.999962686049282,2,NA,"troot(x4*(x4*x6))","x10",NA,0.995139809089613,0.152114103609013,NA
"P3",28,FALSE,FALSE,FALSE,FALSE,3,0.733983070416538,0.733983070416538,0.0387512070175449,-96.7669448270559,0.999881562484763,3,NA,"troot(x4*x4)","x4*x2","x4",0.995232952714779,0.952537900536014,0.115445944792563
"P4",28,FALSE,FALSE,TRUE,FALSE,7,0.730812722486823,0.692357426885278,0.0597887469793576,-99.5125191073178,0.998751814742839,8,NA,"x4","x4*troot(x4)","x4*x10",0.794659933152662,0.529480792554346,0.525009436399997
"P5",28,FALSE,FALSE,FALSE,FALSE,6,0.887020724744631,0.887020724744631,0.0699033821544235,-99.5125191073179,0.997543100736244,6,NA,"x4","x4*x10","x4*troot(x4)",0.712515489879526,0.586427478018839,0.580099836416194
"P1",29,FALSE,FALSE,FALSE,FALSE,5,0.783659404012364,0.783659404012364,0.072368707646977,-99.5125191073178,0.997622478333479,5,NA,"x4","x4*x10","troot(x4)*x4",0.965305619024902,0.770000289919424,0.764264519501711
"P2",29,FALSE,FALSE,FALSE,FALSE,8,0.816362491757393,0.816362491757393,0.0718782769887878,-99.5125191073178,0.997539249164958,8,NA,"x4","x10*x4","x4*troot(x4)",0.997104802305292,0.535885367905495,0.534239490701785
"P3",29,FALSE,FALSE,FALSE,FALSE,2,0.604544956779782,0.604544956779782,0.039015705319175,-96.7669448270559,0.999873577074225,2,NA,"troot(x4*x4)","x2*x4",NA,0.999987312408098,0.999734492586866,NA
"P4",29,FALSE,FALSE,FALSE,FALSE,4,0.260008567617798,0.260008567617798,0.038032000717614,-96.7669448270558,0.999880182565729,4,NA,"troot(x4*x4)","x2*x4","x6",1,0.987279406214247,0.136863336412651
"P1",30,FALSE,FALSE,FALSE,FALSE,4,0.527094080073312,0.527094080073312,0.0366312413369496,-96.7669448270558,0.999913498132754,4,NA,"troot(x4*x4)","x2*x4","x2",0.968287785903103,0.956177948051824,0.171183982564662
"P2",30,FALSE,FALSE,FALSE,FALSE,3,0.371839007534399,0.371839007534399,0.0372910711551664,-96.7669448270558,0.99991927182498,3,NA,"troot(x4*x4)","x2*x4","x2",0.969550737352686,0.948406527851351,0.190462371257675
"P3",30,TRUE,FALSE,FALSE,FALSE,1,0.996429648845025,0.992859297690051,0.0324268822152179,-94.5244319535552,0.99996120298153,2,NA,"troot(x4*(x6*x4))","x4",NA,0.991220860508828,0.101196351576864,NA
"P4",30,FALSE,FALSE,FALSE,FALSE,4,0.260008567617798,0.260008567617798,0.037383022649135,-96.7669448270558,0.999896330280016,4,NA,"troot(x4*x4)","x4*x2","x6",0.999812396358644,0.96090986917974,0.114106698546767
"P5",30,FALSE,FALSE,FALSE,FALSE,7,0.728974486080121,0.728974486080121,0.054061287346773,-102.146901329513,0.99929044923326,7,NA,"x4","p0(x4)*x4","x7*x4",0.999998791324246,0.788725132862119,0.604513952034472
"P1",31,FALSE,FALSE,FALSE,FALSE,3,0.985488592981159,0.985488592981159,0.0918372696377507,-99.5125191073178,0.99611805494482,3,NA,"x4","x10*x4","x4*troot(x4)",0.999999999920804,0.999950897799132,0.953190253311501
"P2",31,FALSE,FALSE,FALSE,TRUE,2,0.545258230366232,0.317887884839184,0.0423047566806654,-94.3406692127019,0.999824833300506,3,NA,"troot((x7*x4)*x4)","x4","x3",0.988424509335168,0.166986250342556,0.110039804057531
"P3",31,FALSE,FALSE,FALSE,FALSE,3,0.985488592981159,0.985488592981159,0.0905031155688838,-99.5125191073178,0.996437282107588,3,NA,"x4","x4*troot(x4)","x4*x10",0.999999992806655,0.933231992576199,0.930128610215972
"P4",31,FALSE,FALSE,FALSE,FALSE,5,0.79460207737421,0.79460207737421,0.0507705708116516,-102.146901329513,0.999326482796731,5,NA,"x4","p0(x4)*x4","x7*x4",0.967421008437961,0.967273644766005,0.508380395149395
"P1",32,FALSE,FALSE,FALSE,FALSE,3,0.377869053809186,0.377869053809186,0.0342234399375142,-96.7669448270558,0.999925922765091,3,NA,"troot(x4*x4)","x2*x4","x6",0.950093484836794,0.919634216218525,0.213482170833406
"P2",32,FALSE,FALSE,FALSE,FALSE,2,0.604544956779782,0.604544956779782,0.0379075528671484,-96.7669448270558,0.999879913440647,2,NA,"troot(x4*x4)","x2*x4",NA,0.99998822981221,0.990475355843898,NA
"P3",32,FALSE,TRUE,FALSE,FALSE,5,0.989889251486289,0.98786717229221,0.0740178432415509,-99.5125191073178,0.997795070918605,6,NA,"x4","x10*x4","troot(x4)*x4",0.86740121969853,0.742995343663626,0.739980584407409
"P4",32,FALSE,FALSE,FALSE,FALSE,3,0.404503775670354,0.404503775670354,0.0390361650353642,-96.7669448270558,0.99987652249287,3,NA,"troot(x4*x4)","x2*x4","x10",0.938358081069311,0.92042068078415,0.174451403578701
"P5",32,TRUE,FALSE,FALSE,FALSE,1,0.462258623933997,-0.075482752132005,0.0315283133278856,-94.5244319535552,0.999963121226224,2,NA,"troot(x4*(x6*x4))","x6",NA,0.999482764048483,0.110248636654903,NA
"P1",33,FALSE,FALSE,FALSE,TRUE,1,0.996429109555188,0.992859297690051,0.0429430297391074,-94.3406692127019,0.999820483474926,2,NA,"troot(x4*(x7*x4))","x4",NA,0.988748402508688,0.170219077253944,NA
"P3",33,TRUE,FALSE,FALSE,FALSE,1,0.453213554521817,-0.0935728909563669,0.0338135422562438,-94.5244319535552,0.999940308876244,2,NA,"troot((x4*x6)*x4)","x2",NA,0.998419586502528,0.360989093424654,NA
"P5",33,FALSE,FALSE,FALSE,FALSE,8,0.631792196894347,0.631792196894347,0.0377420160922177,-100.723720798733,0.999906538140421,8,NA,"troot(x4*x4)","x4","x8*x4",0.884598692494634,0.837649243142973,0.49354716761249
"P1",34,FALSE,FALSE,FALSE,FALSE,3,0.377869053809186,0.377869053809186,0.0370055173510849,-96.7669448270558,0.999884443387536,3,NA,"troot(x4*x4)","x2*x4","x6",0.996855907942553,0.968742607277076,0.142274183551804
"P3",34,TRUE,FALSE,FALSE,FALSE,2,0.313255579071896,-0.0301166313921558,0.0311011511049522,-94.5244319535552,0.999959890741993,3,NA,"troot((x6*x4)*x4)","x10","x7",0.997446600527251,0.274831062849864,0.110820084899328
"P4",34,TRUE,FALSE,FALSE,FALSE,0,1,NA,0.0322343870458316,-94.5244319535552,0.999962659215385,1,NA,"troot(x4*(x4*x6))",NA,NA,0.995553966960597,NA,NA
"P1",35,FALSE,FALSE,FALSE,TRUE,3,0.480449220107468,0.307265986336515,0.0431774043105902,-94.3406692127019,0.999801379227788,4,NA,"troot((x4*x7)*x4)","x10","x4",0.915966151411757,0.177041467533111,0.113660128688023
"P3",35,FALSE,FALSE,FALSE,FALSE,4,0.461216420809483,0.461216420809483,0.0359533625437148,-96.7669448270558,0.999926019395176,4,NA,"troot(x4*x4)","x2*x4","x4",0.965101937199232,0.921586305722824,0.118723336389639
"P5",35,FALSE,FALSE,FALSE,FALSE,8,0.513084810631664,0.513084810631664,0.0749261366159907,-100.061923553727,0.997324451631865,8,NA,"x4","p0(x4)*x4","(x4*x10)*x3",0.999906618254321,0.905747793216992,0.597616857662244
"P1",36,TRUE,FALSE,FALSE,TRUE,1,0.668140111623942,0.00442141345149907,0.0362651760067775,-94.3406692127019,0.999927471481288,3,NA,"troot(x4*(x4*x7))","troot((x4*x6)*x4)","x10",0.520697216831827,0.433289409970538,0.112329829322384
"P3",36,TRUE,FALSE,FALSE,FALSE,0,1,NA,0.0312726439084943,-94.5244319535552,0.999966412729743,1,NA,"troot(x4*(x6*x4))",NA,NA,0.898371620571924,NA,NA
"P4",36,TRUE,FALSE,FALSE,TRUE,1,0.997619406370126,0.992859297690051,0.03575633616929,-94.3406692127019,0.99992993192533,3,NA,"troot(x4*(x7*x4))","troot((x6*x4)*x4)","x4",0.519926098775274,0.433284948227783,0.121216957121043
"P5",36,FALSE,FALSE,FALSE,TRUE,1,0.996429109555188,0.992859297690051,0.0434263207257688,-94.3406692127019,0.999813293087145,2,NA,"troot((x7*x4)*x4)","x4",NA,0.993986911490735,0.152350848586373,NA
"P1",38,FALSE,FALSE,FALSE,FALSE,4,0.284507143719764,0.284507143719764,0.0328951368459928,-96.7669448270558,0.999939616006231,4,NA,"x4*x2","troot(x4*x4)","x6",0.938506208870808,0.928305879433805,0.240206264953693
"P4",38,FALSE,FALSE,FALSE,FALSE,2,0.604544956779782,0.604544956779782,0.0383393081660355,-96.7669448270558,0.999896430611033,2,NA,"troot(x4*x4)","x4*x2",NA,0.948159527029297,0.912015577986646,NA
"P4",39,FALSE,FALSE,FALSE,FALSE,2,0.604544956779782,0.604544956779782,0.0380829006472826,-96.7669448270559,0.99988943733361,2,NA,"troot(x4*x4)","x4*x2",NA,0.946652142508096,0.943914937390793,NA
"P5",39,FALSE,FALSE,FALSE,FALSE,9,0.641950011006612,0.641950011006612,0.0741833377997006,-99.5125191073178,0.997536039461078,9,NA,"x4","troot(x4)*x4","x10*x4",0.997930993997625,0.769580755335565,0.769568573743463
"P4",40,TRUE,FALSE,FALSE,TRUE,1,0.668140111623942,0.00442141345149907,0.0370789525549901,-94.3406692127019,0.999918366162743,3,NA,"troot((x7*x4)*x4)","troot((x6*x4)*x4)","x10",0.479711933577841,0.437246414524223,0.246947662878724
"P5",40,FALSE,FALSE,FALSE,FALSE,5,0.783659404012364,0.783659404012364,0.0722686500550424,-99.5125191073178,0.997643979986309,5,NA,"x4","x4*x10","troot(x4)*x4",0.960476571723221,0.769703808752694,0.760148800096356
"P5",41,FALSE,FALSE,FALSE,FALSE,3,0.985488592981159,0.985488592981159,0.0899344015319373,-99.5125191073178,0.996484821710428,3,NA,"x4","x4*troot(x4)","x4*x10",0.999997532249377,0.938472558171672,0.938217182169178
"P5",42,FALSE,FALSE,FALSE,FALSE,4,0.798702201115385,0.798702201115385,0.0394156919005877,-100.720409257459,0.999894663898452,4,NA,"troot(x4*x4)","x4","x9*x4",0.993328879129946,0.7716722803925,0.76144833809753
"P5",44,FALSE,FALSE,FALSE,FALSE,3,0.404503775670354,0.404503775670354,0.0370369061070593,-96.7669448270559,0.999909561045037,3,NA,"troot(x4*x4)","x4*x2","x10",0.964101503602826,0.964047875935465,0.163216166099388
"P5",45,FALSE,FALSE,FALSE,FALSE,5,0.833111138500608,0.833111138500608,0.0313570323620352,-96.7669448270559,0.999961595524305,5,NA,"troot(x4*x4)","x4*x2","x4",0.886185453635122,0.88598547925164,0.188878826752413
"P5",46,FALSE,FALSE,FALSE,FALSE,4,0.531616614779402,0.531616614779402,0.0380966181880914,-96.7669448270558,0.999883742393303,4,NA,"troot(x4*x4)","x4*x2","x6",0.991085746195673,0.970773710945432,0.228121260595926
"P6",40,FALSE,FALSE,FALSE,FALSE,3,0.985488592981159,0.985488592981159,0.0803203011700954,-99.5125191073179,0.997345284804503,3,NA,"x4","x4*troot(x4)","x10*x4",0.974123108040473,0.864469630889969,0.862527213893073
"P6",39,FALSE,FALSE,FALSE,FALSE,8,0.592762677700739,0.592762677700739,0.0632964699090031,-99.5125191073178,0.998381519577739,8,NA,"x4","x4*x10","troot(x4)*x4",0.944602401407928,0.625984056376594,0.621391202473149
"P6",38,FALSE,FALSE,FALSE,FALSE,5,0.865852860767065,0.865852860767065,0.0714741622636872,-99.5125191073178,0.997366811852904,5,NA,"x4","troot(x4)*x4","x4*x10",0.661738592668695,0.565635998164723,0.565635998164708
"P6",37,FALSE,FALSE,FALSE,FALSE,2,0.604544956779782,0.604544956779782,0.0385871885680839,-96.7669448270559,0.999881897731014,2,NA,"troot(x4*x4)","x2*x4",NA,0.999999767797464,0.968519388441762,NA
"P6",36,FALSE,FALSE,FALSE,TRUE,3,0.800487033167485,0.733983070416538,0.0431285501582679,-94.3406692127019,0.999813352234674,4,NA,"troot((x4*x4)*x7)","x4*x2","troot(x4*x4)",0.849434703787732,0.150565137959444,0.150559142154604
"P6",34,TRUE,FALSE,FALSE,TRUE,1,0.997619406370126,0.992859297690051,0.0356308451933234,-94.3406692127019,0.99992951130579,3,NA,"troot((x7*x4)*x4)","troot((x4*x4)*x6)","x4",0.520678803002216,0.433274052619291,0.122431984071644
"P6",32,FALSE,FALSE,TRUE,FALSE,6,0.698370827595983,0.648099333579041,0.0696032404129735,-99.5125191073178,0.998016711088041,7,NA,"x4","x4*x10","troot(x4)*x4",0.825757411715807,0.460033953922665,0.449139255714727
"P6",31,FALSE,TRUE,FALSE,FALSE,7,0.650422972624911,0.600483447648943,0.0535617354040821,-99.877214903911,0.999387959264466,8,NA,"troot(x4*x4)","x2*x4","x4",0.863325731510729,0.416862812583403,0.410616130591216
"P6",30,TRUE,FALSE,FALSE,FALSE,0,1,NA,0.0319801447945983,-94.5244319535552,0.999963457097169,1,NA,"troot(x4*(x4*x6))",NA,NA,0.997966532554083,NA,NA
"P6",27,FALSE,FALSE,FALSE,FALSE,3,0.404503775670354,0.404503775670354,0.0381758769470284,-96.7669448270558,0.999899657711062,3,NA,"troot(x4*x4)","x4*x2","x10",0.999999998104758,0.953789492388911,0.145140877625624
"P6",26,TRUE,FALSE,FALSE,FALSE,1,0.50221070672575,0.00442141345149907,0.0301156553493755,-94.5244319535552,0.99996416678859,2,NA,"troot((x4*x4)*x6)","x10",NA,0.902364503291891,0.233893440047136,NA
"P6",25,FALSE,FALSE,FALSE,FALSE,2,0.604544956779782,0.604544956779782,0.0346731851915819,-96.7669448270558,0.999938951738887,2,NA,"x2*x4","troot(x4*x4)",NA,0.939726691157151,0.928718821832099,NA
"P6",23,FALSE,FALSE,FALSE,FALSE,6,0.81250264100896,0.81250264100896,0.0384368609999047,-100.717970320674,0.999901040805815,6,NA,"x4","troot(x4*x4)","x4*x6",0.985044818164012,0.792338577401231,0.792338575779186
